id,first_name,last_name,email,gender,ip_address
1,Joella,Bettesworth,jbettesworth0@csmonitor.com,Female,246.83.9.113
2,Mariana,Patters,mpatters1@freewebs.com,Genderfluid,232.101.99.128
3,Dru,Smalls,dsmalls2@liveinternet.ru,Male,122.212.190.133
4,Kiel,Cabrales,kcabrales3@phpbb.com,Male,194.69.249.19
5,Albertina,Pittham,apittham4@admin.ch,Female,86.14.183.14
6,Martyn,Richens,mrichens5@istockphoto.com,Male,146.200.160.26
7,Tymothy,Reddick,treddick6@studiopress.com,Male,67.216.9.23
8,Leena,Brooke,lbrooke7@bluehost.com,Female,29.15.5.48
9,Vally,Scrace,vscrace8@unc.edu,Female,27.107.254.58
10,Minne,Marrett,mmarrett9@examiner.com,Female,76.74.134.59
11,Franni,Verney,fverneya@ovh.net,Female,49.141.59.254
12,Whitby,Priter,wpriterb@usgs.gov,Male,174.186.214.215
13,Bernie,FitzGeorge,bfitzgeorgec@wired.com,Male,32.80.71.71
14,Jewelle,Zannini,jzanninid@mit.edu,Female,67.229.100.157
15,Orton,Bausor,obausore@weather.com,Male,0.196.3.210
16,Nobie,Kopje,nkopjef@comsenz.com,Male,97.201.149.79
17,Matelda,Maier,mmaierg@lycos.com,Female,145.83.110.114
18,Dennet,Pennings,dpenningsh@netlog.com,Male,127.139.180.69
19,Archaimbaud,O'Keevan,aokeevani@cyberchimps.com,Male,209.12.195.238
20,Peta,Pregel,ppregelj@walmart.com,Female,184.39.166.118
21,Urbain,Bodimeade,ubodimeadek@ehow.com,Male,134.160.104.168
22,Zollie,Barendtsen,zbarendtsenl@sfgate.com,Male,79.107.130.162
23,Jake,Gillings,jgillingsm@cnbc.com,Male,189.169.109.105
24,Mab,Stutely,mstutelyn@tripadvisor.com,Female,254.203.134.244
25,Howey,Greeveson,hgreevesono@ifeng.com,Male,127.96.132.38
26,Bowie,Flowerden,bflowerdenp@oaic.gov.au,Male,190.113.129.15
27,Mira,Phlipon,mphliponq@wiley.com,Female,236.49.78.106
28,Melody,Munton,mmuntonr@unicef.org,Female,87.56.163.167
29,Joellyn,Bryning,jbrynings@chicagotribune.com,Female,206.55.226.178
30,Siusan,Murtimer,smurtimert@rediff.com,Female,171.116.42.128
31,Maxie,Dafter,mdafteru@nsw.gov.au,Male,34.65.115.240
32,Marysa,Corain,mcorainv@home.pl,Female,64.81.228.157
33,Patty,Carncross,pcarncrossw@mozilla.org,Male,213.93.70.87
34,Darin,Joice,djoicex@cdc.gov,Male,149.18.243.37
35,Simone,Lozano,slozanoy@wufoo.com,Male,33.154.12.6
36,Marieann,Dalyiel,mdalyielz@geocities.jp,Female,233.212.20.12
37,Tamarra,Laughrey,tlaughrey10@springer.com,Female,219.11.76.253
38,Wakefield,McLewd,wmclewd11@discovery.com,Agender,76.134.143.74
39,Nara,Lowey,nlowey12@github.io,Female,17.62.185.39
40,Lydie,Elward,lelward13@webnode.com,Female,234.161.48.89
41,Westley,Anshell,wanshell14@cam.ac.uk,Male,7.167.244.208
42,Myrilla,Ianelli,mianelli15@wordpress.com,Female,208.186.105.158
43,Hester,Billett,hbillett16@theatlantic.com,Female,26.58.128.116
44,Bryna,Vasyunin,bvasyunin17@com.com,Female,44.210.180.72
45,Donnajean,Cruxton,dcruxton18@imgur.com,Female,17.60.250.217
46,Dugald,Callaway,dcallaway19@eventbrite.com,Polygender,240.156.38.93
47,Cherey,Dyka,cdyka1a@google.co.jp,Female,224.206.41.128
48,Burch,Elfitt,belfitt1b@ucsd.edu,Male,246.178.209.47
49,Joyce,Bruhnke,jbruhnke1c@phpbb.com,Female,233.143.0.10
50,Sena,Larter,slarter1d@census.gov,Female,93.106.95.141
51,Lucinda,Giovannardi,lgiovannardi1e@disqus.com,Female,234.167.55.24
52,Kassandra,Tembey,ktembey1f@google.nl,Female,203.248.2.185
53,Joli,Frantzen,jfrantzen1g@salon.com,Female,234.153.199.215
54,Mame,Kinnar,mkinnar1h@comcast.net,Female,80.250.239.20
55,Teresita,Glaysher,tglaysher1i@microsoft.com,Female,62.97.89.156
56,Odette,Riggey,origgey1j@youku.com,Female,49.133.22.149
57,Zebulen,Harrold,zharrold1k@icio.us,Male,130.253.245.30
58,Sarene,Flello,sflello1l@mediafire.com,Female,180.96.60.110
59,Von,Quemby,vquemby1m@odnoklassniki.ru,Male,117.209.111.110
60,Elijah,Earney,eearney1n@si.edu,Agender,103.36.153.238
61,Tammie,Smullen,tsmullen1o@lycos.com,Male,120.196.53.136
62,Fleurette,Ciotti,fciotti1p@sun.com,Female,120.64.54.7
63,Dukey,Garret,dgarret1q@csmonitor.com,Male,176.12.171.88
64,Bibi,Jeandet,bjeandet1r@nps.gov,Female,85.108.247.106
65,Raddy,Norrie,rnorrie1s@last.fm,Male,36.150.84.152
66,Levi,Scarce,lscarce1t@imageshack.us,Male,233.111.202.25
67,Rouvin,Lukins,rlukins1u@cocolog-nifty.com,Male,90.42.118.148
68,Charlena,Scain,cscain1v@chron.com,Genderqueer,153.223.112.108
69,Channa,Alwin,calwin1w@trellian.com,Female,33.128.97.227
70,Ingunna,Nestor,inestor1x@uiuc.edu,Female,249.125.175.193
71,Evelyn,Summerhayes,esummerhayes1y@wsj.com,Male,171.49.212.86
72,Etheline,Blackesland,eblackesland1z@smh.com.au,Female,129.35.192.255
73,Noel,Linbohm,nlinbohm20@shareasale.com,Male,189.5.241.162
74,Ryun,Ricca,rricca21@google.co.jp,Male,186.17.218.2
75,Corny,Steaning,csteaning22@lycos.com,Female,116.190.116.167
76,Clemence,Darycott,cdarycott23@elpais.com,Female,181.13.70.163
77,Nevsa,Haslen,nhaslen24@vimeo.com,Female,221.77.203.111
78,Randall,Pigram,rpigram25@printfriendly.com,Male,120.40.98.23
79,Edna,Aisbett,eaisbett26@yandex.ru,Female,127.229.202.220
80,Babbie,Frankland,bfrankland27@mapquest.com,Female,152.71.140.28
81,Karoly,Scamal,kscamal28@cdc.gov,Male,86.38.33.23
82,Blinnie,Levermore,blevermore29@infoseek.co.jp,Female,3.176.35.73
83,Shawnee,Steart,ssteart2a@usatoday.com,Female,175.10.235.203
84,Barthel,Rickards,brickards2b@unesco.org,Male,177.199.18.85
85,Farah,Lamming,flamming2c@engadget.com,Female,234.135.170.235
86,Wyatt,Waeland,wwaeland2d@redcross.org,Male,226.121.100.229
87,Lin,Iveson,liveson2e@forbes.com,Male,26.165.33.214
88,Saxe,Seddon,sseddon2f@google.com.hk,Male,17.177.66.202
89,Meghan,Blumire,mblumire2g@dmoz.org,Female,81.222.146.29
90,Karmen,Cavanagh,kcavanagh2h@usda.gov,Female,235.112.83.219
91,Brien,Jenkins,bjenkins2i@tripadvisor.com,Male,136.176.134.196
92,Janka,Ayris,jayris2j@twitter.com,Female,42.57.132.247
93,Benita,Dike,bdike2k@patch.com,Female,169.147.93.31
94,Pauline,Beggan,pbeggan2l@intel.com,Female,9.212.100.29
95,Donelle,Lansdowne,dlansdowne2m@cafepress.com,Female,221.216.79.111
96,Aidan,Janovsky,ajanovsky2n@unc.edu,Female,25.144.88.174
97,Elden,Wake,ewake2o@storify.com,Male,76.34.4.164
98,Fairlie,Berntssen,fberntssen2p@de.vu,Male,202.6.56.35
99,Kellyann,Clemmett,kclemmett2q@wunderground.com,Polygender,168.18.140.156
100,Cathie,Noor,cnoor2r@mozilla.com,Female,97.49.9.196